Instance,k,Population,Fitness,Time,Initialization
/home1/djukanovic/lcps/src/srcAugust/lcps/src/k-domination/instances/bath.txt,2,50,74,53.02,22.5
/home1/djukanovic/lcps/src/srcAugust/lcps/src/k-domination/instances/bath.txt,2,50,73,58.77,22.58
/home1/djukanovic/lcps/src/srcAugust/lcps/src/k-domination/instances/bath.txt,2,50,73,60.17,21.95
/home1/djukanovic/lcps/src/srcAugust/lcps/src/k-domination/instances/bath.txt,2,50,72,60.67,22.7
/home1/djukanovic/lcps/src/srcAugust/lcps/src/k-domination/instances/bath.txt,2,50,73,69.16,22.09
/home1/djukanovic/lcps/src/srcAugust/lcps/src/k-domination/instances/bath.txt,2,100,74,96.35,44.63
/home1/djukanovic/lcps/src/srcAugust/lcps/src/k-domination/instances/bath.txt,2,100,74,105.36,44.76
/home1/djukanovic/lcps/src/srcAugust/lcps/src/k-domination/instances/bath.txt,2,100,72,111.83,44.5
/home1/djukanovic/lcps/src/srcAugust/lcps/src/k-domination/instances/bath.txt,2,100,72,114.86,43.38
/home1/djukanovic/lcps/src/srcAugust/lcps/src/k-domination/instances/bath.txt,2,100,72,114.89,44.98
/home1/djukanovic/lcps/src/srcAugust/lcps/src/k-domination/instances/brighton.txt,2,50,43,64.99,26.07
/home1/djukanovic/lcps/src/srcAugust/lcps/src/k-domination/instances/brighton.txt,2,50,43,71.48,25.44
/home1/djukanovic/lcps/src/srcAugust/lcps/src/k-domination/instances/brighton.txt,2,50,43,72.75,24.1
/home1/djukanovic/lcps/src/srcAugust/lcps/src/k-domination/instances/brighton.txt,2,50,42,80.88,26.62
/home1/djukanovic/lcps/src/srcAugust/lcps/src/k-domination/instances/brighton.txt,2,50,42,91.79,24.68
/home1/djukanovic/lcps/src/srcAugust/lcps/src/k-domination/instances/bath.txt,2,150,73,156.67,66.45
/home1/djukanovic/lcps/src/srcAugust/lcps/src/k-domination/instances/bath.txt,2,150,73,156.14,68.36
/home1/djukanovic/lcps/src/srcAugust/lcps/src/k-domination/instances/bath.txt,2,150,71,154.92,70.71
/home1/djukanovic/lcps/src/srcAugust/lcps/src/k-domination/instances/bath.txt,2,150,71,161.84,65.98
/home1/djukanovic/lcps/src/srcAugust/lcps/src/k-domination/instances/bath.txt,2,150,72,166.18,66.28
/home1/djukanovic/lcps/src/srcAugust/lcps/src/k-domination/instances/brighton.txt,2,100,41,143.9,47.87
/home1/djukanovic/lcps/src/srcAugust/lcps/src/k-domination/instances/brighton.txt,2,100,41,144.38,49.28
/home1/djukanovic/lcps/src/srcAugust/lcps/src/k-domination/instances/brighton.txt,2,100,42,154.45,46.78
/home1/djukanovic/lcps/src/srcAugust/lcps/src/k-domination/instances/brighton.txt,2,100,41,150.54,53.06
/home1/djukanovic/lcps/src/srcAugust/lcps/src/k-domination/instances/brighton.txt,2,100,41,155.51,50.46
/home1/djukanovic/lcps/src/srcAugust/lcps/src/k-domination/instances/bath.txt,2,200,72,205.23,88.65
/home1/djukanovic/lcps/src/srcAugust/lcps/src/k-domination/instances/cardiff.txt,2,50,83,78.47,31.0
/home1/djukanovic/lcps/src/srcAugust/lcps/src/k-domination/instances/bath.txt,2,200,73,212.13,89.93
/home1/djukanovic/lcps/src/srcAugust/lcps/src/k-domination/instances/cardiff.txt,2,50,81,88.16,30.72
/home1/djukanovic/lcps/src/srcAugust/lcps/src/k-domination/instances/cardiff.txt,2,50,81,88.12,32.42
/home1/djukanovic/lcps/src/srcAugust/lcps/src/k-domination/instances/cardiff.txt,2,50,80,97.38,29.68
/home1/djukanovic/lcps/src/srcAugust/lcps/src/k-domination/instances/cardiff.txt,2,50,81,96.34,32.4
/home1/djukanovic/lcps/src/srcAugust/lcps/src/k-domination/instances/bath.txt,2,200,72,232.16,89.38
/home1/djukanovic/lcps/src/srcAugust/lcps/src/k-domination/instances/bath.txt,2,200,72,235.26,87.39
/home1/djukanovic/lcps/src/srcAugust/lcps/src/k-domination/instances/belfast.txt,2,50,79,232.18,89.61
/home1/djukanovic/lcps/src/srcAugust/lcps/src/k-domination/instances/belfast.txt,2,50,81,210.62,103.1
/home1/djukanovic/lcps/src/srcAugust/lcps/src/k-domination/instances/bath.txt,2,200,72,256.39,88.58
/home1/djukanovic/lcps/src/srcAugust/lcps/src/k-domination/instances/belfast.txt,2,50,79,227.01,103.16
/home1/djukanovic/lcps/src/srcAugust/lcps/src/k-domination/instances/brighton.txt,2,150,43,204.2,71.08
/home1/djukanovic/lcps/src/srcAugust/lcps/src/k-domination/instances/brighton.txt,2,150,43,190.5,74.31
/home1/djukanovic/lcps/src/srcAugust/lcps/src/k-domination/instances/brighton.txt,2,150,42,206.93,72.67
/home1/djukanovic/lcps/src/srcAugust/lcps/src/k-domination/instances/bristol.txt,2,50,76,198.21,69.83
/home1/djukanovic/lcps/src/srcAugust/lcps/src/k-domination/instances/brighton.txt,2,150,41,224.98,72.06
/home1/djukanovic/lcps/src/srcAugust/lcps/src/k-domination/instances/coventry.txt,2,50,75,86.32,32.48
/home1/djukanovic/lcps/src/srcAugust/lcps/src/k-domination/instances/belfast.txt,2,50,79,289.67,102.95
/home1/djukanovic/lcps/src/srcAugust/lcps/src/k-domination/instances/bristol.txt,2,50,75,227.97,62.43
/home1/djukanovic/lcps/src/srcAugust/lcps/src/k-domination/instances/brighton.txt,2,150,41,237.94,74.06
/home1/djukanovic/lcps/src/srcAugust/lcps/src/k-domination/instances/bristol.txt,2,50,76,231.62,62.66
/home1/djukanovic/lcps/src/srcAugust/lcps/src/k-domination/instances/bristol.txt,2,50,74,224.15,63.3
/home1/djukanovic/lcps/src/srcAugust/lcps/src/k-domination/instances/coventry.txt,2,50,76,90.46,37.23
/home1/djukanovic/lcps/src/srcAugust/lcps/src/k-domination/instances/cardiff.txt,2,100,80,155.76,64.39
/home1/djukanovic/lcps/src/srcAugust/lcps/src/k-domination/instances/coventry.txt,2,50,74,106.47,35.32
/home1/djukanovic/lcps/src/srcAugust/lcps/src/k-domination/instances/cardiff.txt,2,100,80,138.2,63.79
/home1/djukanovic/lcps/src/srcAugust/lcps/src/k-domination/instances/belfast.txt,2,50,79,314.39,90.42
/home1/djukanovic/lcps/src/srcAugust/lcps/src/k-domination/instances/bristol.txt,2,50,76,230.67,74.19
/home1/djukanovic/lcps/src/srcAugust/lcps/src/k-domination/instances/cardiff.txt,2,100,80,146.14,61.87
/home1/djukanovic/lcps/src/srcAugust/lcps/src/k-domination/instances/coventry.txt,2,50,74,104.21,34.31
/home1/djukanovic/lcps/src/srcAugust/lcps/src/k-domination/instances/cardiff.txt,2,100,81,157.43,62.08
/home1/djukanovic/lcps/src/srcAugust/lcps/src/k-domination/instances/cardiff.txt,2,100,80,157.03,63.33
/home1/djukanovic/lcps/src/srcAugust/lcps/src/k-domination/instances/coventry.txt,2,50,76,115.7,35.46
/home1/djukanovic/lcps/src/srcAugust/lcps/src/k-domination/instances/exeter.txt,2,50,80,89.72,43.98
/home1/djukanovic/lcps/src/srcAugust/lcps/src/k-domination/instances/exeter.txt,2,50,80,101.6,43.85
/home1/djukanovic/lcps/src/srcAugust/lcps/src/k-domination/instances/brighton.txt,2,200,41,295.29,97.27
/home1/djukanovic/lcps/src/srcAugust/lcps/src/k-domination/instances/exeter.txt,2,50,77,125.59,45.66
/home1/djukanovic/lcps/src/srcAugust/lcps/src/k-domination/instances/brighton.txt,2,200,42,297.96,94.01
/home1/djukanovic/lcps/src/srcAugust/lcps/src/k-domination/instances/brighton.txt,2,200,41,300.6,103.12
/home1/djukanovic/lcps/src/srcAugust/lcps/src/k-domination/instances/coventry.txt,2,100,75,148.77,68.68
/home1/djukanovic/lcps/src/srcAugust/lcps/src/k-domination/instances/exeter.txt,2,50,78,114.18,44.7
/home1/djukanovic/lcps/src/srcAugust/lcps/src/k-domination/instances/coventry.txt,2,100,74,140.98,68.62
/home1/djukanovic/lcps/src/srcAugust/lcps/src/k-domination/instances/exeter.txt,2,50,80,115.14,47.22
/home1/djukanovic/lcps/src/srcAugust/lcps/src/k-domination/instances/cardiff.txt,2,150,81,197.24,91.57
/home1/djukanovic/lcps/src/srcAugust/lcps/src/k-domination/instances/coventry.txt,2,100,74,159.49,69.89
/home1/djukanovic/lcps/src/srcAugust/lcps/src/k-domination/instances/coventry.txt,2,100,74,160.82,72.17
/home1/djukanovic/lcps/src/srcAugust/lcps/src/k-domination/instances/brighton.txt,2,200,41,330.6,96.66
/home1/djukanovic/lcps/src/srcAugust/lcps/src/k-domination/instances/coventry.txt,2,100,75,165.84,72.03
/home1/djukanovic/lcps/src/srcAugust/lcps/src/k-domination/instances/brighton.txt,2,200,42,333.27,95.25
/home1/djukanovic/lcps/src/srcAugust/lcps/src/k-domination/instances/cardiff.txt,2,150,80,217.31,92.13
/home1/djukanovic/lcps/src/srcAugust/lcps/src/k-domination/instances/glasgow.txt,2,50,96,81.5,41.07
/home1/djukanovic/lcps/src/srcAugust/lcps/src/k-domination/instances/bristol.txt,2,100,76,276.96,128.8
/home1/djukanovic/lcps/src/srcAugust/lcps/src/k-domination/instances/glasgow.txt,2,50,95,91.82,37.63
/home1/djukanovic/lcps/src/srcAugust/lcps/src/k-domination/instances/cardiff.txt,2,150,80,218.69,96.42
/home1/djukanovic/lcps/src/srcAugust/lcps/src/k-domination/instances/cardiff.txt,2,150,79,231.04,94.76
/home1/djukanovic/lcps/src/srcAugust/lcps/src/k-domination/instances/glasgow.txt,2,50,94,99.66,40.87
/home1/djukanovic/lcps/src/srcAugust/lcps/src/k-domination/instances/glasgow.txt,2,50,96,102.2,39.3
/home1/djukanovic/lcps/src/srcAugust/lcps/src/k-domination/instances/cardiff.txt,2,150,81,240.51,92.49
/home1/djukanovic/lcps/src/srcAugust/lcps/src/k-domination/instances/glasgow.txt,2,50,96,102.56,41.6
/home1/djukanovic/lcps/src/srcAugust/lcps/src/k-domination/instances/bristol.txt,2,100,74,304.22,128.68
/home1/djukanovic/lcps/src/srcAugust/lcps/src/k-domination/instances/bristol.txt,2,100,73,331.5,132.75
/home1/djukanovic/lcps/src/srcAugust/lcps/src/k-domination/instances/bristol.txt,2,100,76,316.3,131.0
/home1/djukanovic/lcps/src/srcAugust/lcps/src/k-domination/instances/bristol.txt,2,100,75,345.71,121.99
/home1/djukanovic/lcps/src/srcAugust/lcps/src/k-domination/instances/exeter.txt,2,100,79,172.67,95.36
/home1/djukanovic/lcps/src/srcAugust/lcps/src/k-domination/instances/coventry.txt,2,150,74,220.34,104.19
/home1/djukanovic/lcps/src/srcAugust/lcps/src/k-domination/instances/coventry.txt,2,150,74,240.64,103.15
/home1/djukanovic/lcps/src/srcAugust/lcps/src/k-domination/instances/exeter.txt,2,100,78,204.52,90.08
/home1/djukanovic/lcps/src/srcAugust/lcps/src/k-domination/instances/belfast.txt,2,100,78,410.16,186.45
/home1/djukanovic/lcps/src/srcAugust/lcps/src/k-domination/instances/coventry.txt,2,150,74,238.38,109.29
/home1/djukanovic/lcps/src/srcAugust/lcps/src/k-domination/instances/exeter.txt,2,100,78,202.26,90.34
/home1/djukanovic/lcps/src/srcAugust/lcps/src/k-domination/instances/cardiff.txt,2,200,80,284.92,127.36
/home1/djukanovic/lcps/src/srcAugust/lcps/src/k-domination/instances/exeter.txt,2,100,79,217.82,94.76
/home1/djukanovic/lcps/src/srcAugust/lcps/src/k-domination/instances/glasgow.txt,2,100,94,139.76,84.7
/home1/djukanovic/lcps/src/srcAugust/lcps/src/k-domination/instances/exeter.txt,2,100,79,212.97,94.64
/home1/djukanovic/lcps/src/srcAugust/lcps/src/k-domination/instances/cardiff.txt,2,200,79,288.65,128.86
/home1/djukanovic/lcps/src/srcAugust/lcps/src/k-domination/instances/coventry.txt,2,150,74,253.8,107.63
/home1/djukanovic/lcps/src/srcAugust/lcps/src/k-domination/instances/belfast.txt,2,100,78,438.23,194.64
/home1/djukanovic/lcps/src/srcAugust/lcps/src/k-domination/instances/coventry.txt,2,150,74,256.69,107.71
/home1/djukanovic/lcps/src/srcAugust/lcps/src/k-domination/instances/glasgow.txt,2,100,95,145.8,79.63
/home1/djukanovic/lcps/src/srcAugust/lcps/src/k-domination/instances/glasgow.txt,2,100,95,170.67,74.61
/home1/djukanovic/lcps/src/srcAugust/lcps/src/k-domination/instances/glasgow.txt,2,100,94,166.46,79.86
/home1/djukanovic/lcps/src/srcAugust/lcps/src/k-domination/instances/glasgow.txt,2,100,93,177.16,80.51
/home1/djukanovic/lcps/src/srcAugust/lcps/src/k-domination/instances/cardiff.txt,2,200,80,299.5,122.45
/home1/djukanovic/lcps/src/srcAugust/lcps/src/k-domination/instances/belfast.txt,2,100,79,465.28,198.18
/home1/djukanovic/lcps/src/srcAugust/lcps/src/k-domination/instances/belfast.txt,2,100,79,454.57,199.86
/home1/djukanovic/lcps/src/srcAugust/lcps/src/k-domination/instances/belfast.txt,2,100,77,479.13,197.03
/home1/djukanovic/lcps/src/srcAugust/lcps/src/k-domination/instances/cardiff.txt,2,200,79,349.19,120.77
/home1/djukanovic/lcps/src/srcAugust/lcps/src/k-domination/instances/cardiff.txt,2,200,79,340.1,128.74
/home1/djukanovic/lcps/src/srcAugust/lcps/src/k-domination/instances/coventry.txt,2,200,74,310.22,138.58
/home1/djukanovic/lcps/src/srcAugust/lcps/src/k-domination/instances/coventry.txt,2,200,74,305.54,140.31
/home1/djukanovic/lcps/src/srcAugust/lcps/src/k-domination/instances/exeter.txt,2,150,78,254.89,132.95
/home1/djukanovic/lcps/src/srcAugust/lcps/src/k-domination/instances/leicester.txt,2,50,79,150.79,70.68
/home1/djukanovic/lcps/src/srcAugust/lcps/src/k-domination/instances/leeds.txt,2,50,82,202.95,82.29
/home1/djukanovic/lcps/src/srcAugust/lcps/src/k-domination/instances/leeds.txt,2,50,82,225.17,85.33
/home1/djukanovic/lcps/src/srcAugust/lcps/src/k-domination/instances/exeter.txt,2,150,77,310.24,140.85
/home1/djukanovic/lcps/src/srcAugust/lcps/src/k-domination/instances/leicester.txt,2,50,79,174.56,69.23
/home1/djukanovic/lcps/src/srcAugust/lcps/src/k-domination/instances/exeter.txt,2,150,78,280.24,134.84
/home1/djukanovic/lcps/src/srcAugust/lcps/src/k-domination/instances/glasgow.txt,2,150,95,228.12,120.58
/home1/djukanovic/lcps/src/srcAugust/lcps/src/k-domination/instances/liverpool.txt,2,50,60,104.33,45.4
/home1/djukanovic/lcps/src/srcAugust/lcps/src/k-domination/instances/liverpool.txt,2,50,60,110.4,43.66
/home1/djukanovic/lcps/src/srcAugust/lcps/src/k-domination/instances/coventry.txt,2,200,74,369.4,146.44
/home1/djukanovic/lcps/src/srcAugust/lcps/src/k-domination/instances/bristol.txt,2,150,74,485.1,191.88
/home1/djukanovic/lcps/src/srcAugust/lcps/src/k-domination/instances/coventry.txt,2,200,73,382.67,136.24
/home1/djukanovic/lcps/src/srcAugust/lcps/src/k-domination/instances/glasgow.txt,2,150,95,248.41,121.24
/home1/djukanovic/lcps/src/srcAugust/lcps/src/k-domination/instances/leicester.txt,2,50,77,192.79,68.68
/home1/djukanovic/lcps/src/srcAugust/lcps/src/k-domination/instances/leeds.txt,2,50,82,236.5,87.51
/home1/djukanovic/lcps/src/srcAugust/lcps/src/k-domination/instances/leicester.txt,2,50,78,193.58,70.49
/home1/djukanovic/lcps/src/srcAugust/lcps/src/k-domination/instances/coventry.txt,2,200,73,382.05,144.59
/home1/djukanovic/lcps/src/srcAugust/lcps/src/k-domination/instances/exeter.txt,2,150,78,308.73,133.36
/home1/djukanovic/lcps/src/srcAugust/lcps/src/k-domination/instances/glasgow.txt,2,150,94,269.84,123.89
/home1/djukanovic/lcps/src/srcAugust/lcps/src/k-domination/instances/liverpool.txt,2,50,60,134.77,47.78
/home1/djukanovic/lcps/src/srcAugust/lcps/src/k-domination/instances/glasgow.txt,2,150,94,274.07,129.78
/home1/djukanovic/lcps/src/srcAugust/lcps/src/k-domination/instances/glasgow.txt,2,150,94,265.94,118.44
/home1/djukanovic/lcps/src/srcAugust/lcps/src/k-domination/instances/leeds.txt,2,50,81,261.38,93.31
/home1/djukanovic/lcps/src/srcAugust/lcps/src/k-domination/instances/exeter.txt,2,150,77,323.22,138.3
/home1/djukanovic/lcps/src/srcAugust/lcps/src/k-domination/instances/leeds.txt,2,50,81,271.88,91.53
/home1/djukanovic/lcps/src/srcAugust/lcps/src/k-domination/instances/leicester.txt,2,50,77,207.15,67.32
/home1/djukanovic/lcps/src/srcAugust/lcps/src/k-domination/instances/liverpool.txt,2,50,57,146.83,48.05
/home1/djukanovic/lcps/src/srcAugust/lcps/src/k-domination/instances/bristol.txt,2,150,74,530.83,190.25
/home1/djukanovic/lcps/src/srcAugust/lcps/src/k-domination/instances/liverpool.txt,2,50,58,157.26,44.76
/home1/djukanovic/lcps/src/srcAugust/lcps/src/k-domination/instances/bristol.txt,2,150,74,532.65,196.77
/home1/djukanovic/lcps/src/srcAugust/lcps/src/k-domination/instances/bristol.txt,2,150,73,547.96,190.64
/home1/djukanovic/lcps/src/srcAugust/lcps/src/k-domination/instances/bristol.txt,2,150,74,600.66,198.19
/home1/djukanovic/lcps/src/srcAugust/lcps/src/k-domination/instances/glasgow.txt,2,200,94,329.29,159.72
/home1/djukanovic/lcps/src/srcAugust/lcps/src/k-domination/instances/belfast.txt,2,150,80,623.62,294.21
/home1/djukanovic/lcps/src/srcAugust/lcps/src/k-domination/instances/glasgow.txt,2,200,94,323.05,159.79
/home1/djukanovic/lcps/src/srcAugust/lcps/src/k-domination/instances/liverpool.txt,2,100,59,204.88,100.17
/home1/djukanovic/lcps/src/srcAugust/lcps/src/k-domination/instances/exeter.txt,2,200,79,389.56,178.43
/home1/djukanovic/lcps/src/srcAugust/lcps/src/k-domination/instances/glasgow.txt,2,200,94,337.88,161.19
/home1/djukanovic/lcps/src/srcAugust/lcps/src/k-domination/instances/belfast.txt,2,150,78,633.32,298.29
/home1/djukanovic/lcps/src/srcAugust/lcps/src/k-domination/instances/newcastle.txt,2,50,87,77.45,36.52
/home1/djukanovic/lcps/src/srcAugust/lcps/src/k-domination/instances/liverpool.txt,2,100,60,213.77,88.94
/home1/djukanovic/lcps/src/srcAugust/lcps/src/k-domination/instances/newcastle.txt,2,50,88,92.98,40.86
/home1/djukanovic/lcps/src/srcAugust/lcps/src/k-domination/instances/newcastle.txt,2,50,85,88.87,38.77
/home1/djukanovic/lcps/src/srcAugust/lcps/src/k-domination/instances/newcastle.txt,2,50,89,88.37,40.55
/home1/djukanovic/lcps/src/srcAugust/lcps/src/k-domination/instances/glasgow.txt,2,200,95,355.57,153.98
/home1/djukanovic/lcps/src/srcAugust/lcps/src/k-domination/instances/newcastle.txt,2,50,87,100.33,39.89
/home1/djukanovic/lcps/src/srcAugust/lcps/src/k-domination/instances/belfast.txt,2,150,79,677.1,295.55
/home1/djukanovic/lcps/src/srcAugust/lcps/src/k-domination/instances/liverpool.txt,2,100,58,224.95,88.19
/home1/djukanovic/lcps/src/srcAugust/lcps/src/k-domination/instances/exeter.txt,2,200,78,414.47,179.19
/home1/djukanovic/lcps/src/srcAugust/lcps/src/k-domination/instances/belfast.txt,2,150,79,657.86,306.01
/home1/djukanovic/lcps/src/srcAugust/lcps/src/k-domination/instances/liverpool.txt,2,100,61,221.58,93.24
/home1/djukanovic/lcps/src/srcAugust/lcps/src/k-domination/instances/liverpool.txt,2,100,59,235.34,89.74
/home1/djukanovic/lcps/src/srcAugust/lcps/src/k-domination/instances/exeter.txt,2,200,77,418.72,187.6
/home1/djukanovic/lcps/src/srcAugust/lcps/src/k-domination/instances/belfast.txt,2,150,78,687.31,296.88
/home1/djukanovic/lcps/src/srcAugust/lcps/src/k-domination/instances/glasgow.txt,2,200,94,372.84,154.54
/home1/djukanovic/lcps/src/srcAugust/lcps/src/k-domination/instances/leeds.txt,2,100,81,345.39,171.92
/home1/djukanovic/lcps/src/srcAugust/lcps/src/k-domination/instances/exeter.txt,2,200,77,422.76,201.2
/home1/djukanovic/lcps/src/srcAugust/lcps/src/k-domination/instances/leicester.txt,2,100,77,291.17,134.86
/home1/djukanovic/lcps/src/srcAugust/lcps/src/k-domination/instances/leicester.txt,2,100,76,313.24,136.94
/home1/djukanovic/lcps/src/srcAugust/lcps/src/k-domination/instances/leeds.txt,2,100,81,363.78,175.2
/home1/djukanovic/lcps/src/srcAugust/lcps/src/k-domination/instances/leeds.txt,2,100,80,376.25,173.2
/home1/djukanovic/lcps/src/srcAugust/lcps/src/k-domination/instances/leicester.txt,2,100,76,327.88,146.41
/home1/djukanovic/lcps/src/srcAugust/lcps/src/k-domination/instances/exeter.txt,2,200,77,463.41,187.29
/home1/djukanovic/lcps/src/srcAugust/lcps/src/k-domination/instances/leeds.txt,2,100,82,378.4,186.23
/home1/djukanovic/lcps/src/srcAugust/lcps/src/k-domination/instances/leicester.txt,2,100,77,308.88,147.76
/home1/djukanovic/lcps/src/srcAugust/lcps/src/k-domination/instances/oxford.txt,2,50,48,10.74,6.97
/home1/djukanovic/lcps/src/srcAugust/lcps/src/k-domination/instances/oxford.txt,2,50,48,13.6,6.79
/home1/djukanovic/lcps/src/srcAugust/lcps/src/k-domination/instances/oxford.txt,2,50,47,14.05,6.75
/home1/djukanovic/lcps/src/srcAugust/lcps/src/k-domination/instances/leeds.txt,2,100,80,429.05,165.73
/home1/djukanovic/lcps/src/srcAugust/lcps/src/k-domination/instances/newcastle.txt,2,100,86,136.75,77.97
/home1/djukanovic/lcps/src/srcAugust/lcps/src/k-domination/instances/newcastle.txt,2,100,86,170.49,76.88
/home1/djukanovic/lcps/src/srcAugust/lcps/src/k-domination/instances/oxford.txt,2,50,47,11.89,6.89
/home1/djukanovic/lcps/src/srcAugust/lcps/src/k-domination/instances/oxford.txt,2,50,47,13.68,6.93
/home1/djukanovic/lcps/src/srcAugust/lcps/src/k-domination/instances/bristol.txt,2,200,74,699.48,264.4
/home1/djukanovic/lcps/src/srcAugust/lcps/src/k-domination/instances/newcastle.txt,2,100,86,179.83,81.79
/home1/djukanovic/lcps/src/srcAugust/lcps/src/k-domination/instances/oxford.txt,2,100,47,19.5,13.51
/home1/djukanovic/lcps/src/srcAugust/lcps/src/k-domination/instances/liverpool.txt,2,150,60,313.96,134.86
/home1/djukanovic/lcps/src/srcAugust/lcps/src/k-domination/instances/oxford.txt,2,100,48,16.87,14.04
/home1/djukanovic/lcps/src/srcAugust/lcps/src/k-domination/instances/leicester.txt,2,100,77,397.69,144.93
/home1/djukanovic/lcps/src/srcAugust/lcps/src/k-domination/instances/oxford.txt,2,100,47,19.08,13.64
/home1/djukanovic/lcps/src/srcAugust/lcps/src/k-domination/instances/newcastle.txt,2,100,87,174.14,77.01
/home1/djukanovic/lcps/src/srcAugust/lcps/src/k-domination/instances/liverpool.txt,2,150,58,326.91,141.94
/home1/djukanovic/lcps/src/srcAugust/lcps/src/k-domination/instances/bristol.txt,2,200,74,751.44,251.52
/home1/djukanovic/lcps/src/srcAugust/lcps/src/k-domination/instances/oxford.txt,2,100,47,20.44,14.05
/home1/djukanovic/lcps/src/srcAugust/lcps/src/k-domination/instances/oxford.txt,2,100,47,22.56,13.69
/home1/djukanovic/lcps/src/srcAugust/lcps/src/k-domination/instances/oxford.txt,2,150,47,30.05,21.2
/home1/djukanovic/lcps/src/srcAugust/lcps/src/k-domination/instances/oxford.txt,2,150,47,34.12,21.18
/home1/djukanovic/lcps/src/srcAugust/lcps/src/k-domination/instances/york.txt,2,50,68,64.41,27.96
/home1/djukanovic/lcps/src/srcAugust/lcps/src/k-domination/instances/oxford.txt,2,150,47,30.88,20.49
/home1/djukanovic/lcps/src/srcAugust/lcps/src/k-domination/instances/bristol.txt,2,200,73,775.75,257.26
/home1/djukanovic/lcps/src/srcAugust/lcps/src/k-domination/instances/oxford.txt,2,150,47,33.15,20.96
/home1/djukanovic/lcps/src/srcAugust/lcps/src/k-domination/instances/liverpool.txt,2,150,58,372.54,134.18
/home1/djukanovic/lcps/src/srcAugust/lcps/src/k-domination/instances/oxford.txt,2,150,47,32.99,20.87
/home1/djukanovic/lcps/src/srcAugust/lcps/src/k-domination/instances/newcastle.txt,2,100,86,179.76,72.02
/home1/djukanovic/lcps/src/srcAugust/lcps/src/k-domination/instances/bristol.txt,2,200,73,790.33,263.34
/home1/djukanovic/lcps/src/srcAugust/lcps/src/k-domination/instances/liverpool.txt,2,150,57,355.92,138.97
/home1/djukanovic/lcps/src/srcAugust/lcps/src/k-domination/instances/oxford.txt,2,200,47,42.38,27.74
/home1/djukanovic/lcps/src/srcAugust/lcps/src/k-domination/instances/oxford.txt,2,200,47,42.53,28.65
/home1/djukanovic/lcps/src/srcAugust/lcps/src/k-domination/instances/oxford.txt,2,200,47,44.53,27.45
/home1/djukanovic/lcps/src/srcAugust/lcps/src/k-domination/instances/liverpool.txt,2,150,57,370.87,129.37
/home1/djukanovic/lcps/src/srcAugust/lcps/src/k-domination/instances/oxford.txt,2,200,47,42.38,28.02
/home1/djukanovic/lcps/src/srcAugust/lcps/src/k-domination/instances/bristol.txt,2,200,74,810.21,253.62
/home1/djukanovic/lcps/src/srcAugust/lcps/src/k-domination/instances/belfast.txt,2,200,80,814.62,379.72
/home1/djukanovic/lcps/src/srcAugust/lcps/src/k-domination/instances/oxford.txt,2,200,47,43.0,27.31
/home1/djukanovic/lcps/src/srcAugust/lcps/src/k-domination/instances/manchester.txt,2,50,80,338.45,116.25
/home1/djukanovic/lcps/src/srcAugust/lcps/src/k-domination/instances/manchester.txt,2,50,80,349.05,119.47
/home1/djukanovic/lcps/src/srcAugust/lcps/src/k-domination/instances/manchester.txt,2,50,79,362.1,114.76
/home1/djukanovic/lcps/src/srcAugust/lcps/src/k-domination/instances/nottingham.txt,2,50,88,210.08,87.85
/home1/djukanovic/lcps/src/srcAugust/lcps/src/k-domination/instances/plymouth.txt,2,50,64,92.83,40.72
/home1/djukanovic/lcps/src/srcAugust/lcps/src/k-domination/instances/nottingham.txt,2,50,88,211.21,84.84
/home1/djukanovic/lcps/src/srcAugust/lcps/src/k-domination/instances/nottingham.txt,2,50,89,217.76,86.35
/home1/djukanovic/lcps/src/srcAugust/lcps/src/k-domination/instances/plymouth.txt,2,50,64,105.18,40.37
/home1/djukanovic/lcps/src/srcAugust/lcps/src/k-domination/instances/belfast.txt,2,200,79,891.76,392.7
/home1/djukanovic/lcps/src/srcAugust/lcps/src/k-domination/instances/manchester.txt,2,50,80,396.91,117.72
/home1/djukanovic/lcps/src/srcAugust/lcps/src/k-domination/instances/leicester.txt,2,150,77,491.09,206.31
/home1/djukanovic/lcps/src/srcAugust/lcps/src/k-domination/instances/plymouth.txt,2,50,63,101.81,40.15
/home1/djukanovic/lcps/src/srcAugust/lcps/src/k-domination/instances/leeds.txt,2,150,81,551.59,263.93
/home1/djukanovic/lcps/src/srcAugust/lcps/src/k-domination/instances/nottingham.txt,2,50,89,243.89,91.78
/home1/djukanovic/lcps/src/srcAugust/lcps/src/k-domination/instances/belfast.txt,2,200,79,895.83,393.37
/home1/djukanovic/lcps/src/srcAugust/lcps/src/k-domination/instances/nottingham.txt,2,50,86,246.36,94.81
/home1/djukanovic/lcps/src/srcAugust/lcps/src/k-domination/instances/newcastle.txt,2,150,87,255.54,115.91
/home1/djukanovic/lcps/src/srcAugust/lcps/src/k-domination/instances/newcastle.txt,2,150,85,254.53,117.29
/home1/djukanovic/lcps/src/srcAugust/lcps/src/k-domination/instances/leicester.txt,2,150,77,508.72,203.92
/home1/djukanovic/lcps/src/srcAugust/lcps/src/k-domination/instances/leicester.txt,2,150,76,525.79,200.25
/home1/djukanovic/lcps/src/srcAugust/lcps/src/k-domination/instances/plymouth.txt,2,50,64,114.34,43.28
/home1/djukanovic/lcps/src/srcAugust/lcps/src/k-domination/instances/plymouth.txt,2,50,63,140.48,43.64
/home1/djukanovic/lcps/src/srcAugust/lcps/src/k-domination/instances/newcastle.txt,2,150,84,264.28,120.33
/home1/djukanovic/lcps/src/srcAugust/lcps/src/k-domination/instances/leicester.txt,2,150,76,523.09,201.68
/home1/djukanovic/lcps/src/srcAugust/lcps/src/k-domination/instances/manchester.txt,2,50,80,436.49,103.62
/home1/djukanovic/lcps/src/srcAugust/lcps/src/k-domination/instances/leeds.txt,2,150,81,563.67,267.65
/home1/djukanovic/lcps/src/srcAugust/lcps/src/k-domination/instances/leeds.txt,2,150,80,580.58,272.24
/home1/djukanovic/lcps/src/srcAugust/lcps/src/k-domination/instances/newcastle.txt,2,150,85,269.92,114.5
/home1/djukanovic/lcps/src/srcAugust/lcps/src/k-domination/instances/leicester.txt,2,150,76,543.5,201.91
/home1/djukanovic/lcps/src/srcAugust/lcps/src/k-domination/instances/newcastle.txt,2,150,84,294.42,115.39
/home1/djukanovic/lcps/src/srcAugust/lcps/src/k-domination/instances/belfast.txt,2,200,77,939.52,382.52
/home1/djukanovic/lcps/src/srcAugust/lcps/src/k-domination/instances/leeds.txt,2,150,81,568.38,264.42
/home1/djukanovic/lcps/src/srcAugust/lcps/src/k-domination/instances/southampton.txt,2,50,52,39.37,17.33
/home1/djukanovic/lcps/src/srcAugust/lcps/src/k-domination/instances/southampton.txt,2,50,52,32.96,18.01
/home1/djukanovic/lcps/src/srcAugust/lcps/src/k-domination/instances/liverpool.txt,2,200,58,470.24,163.38
/home1/djukanovic/lcps/src/srcAugust/lcps/src/k-domination/instances/liverpool.txt,2,200,58,444.79,182.32
/home1/djukanovic/lcps/src/srcAugust/lcps/src/k-domination/instances/southampton.txt,2,50,51,39.55,17.9
/home1/djukanovic/lcps/src/srcAugust/lcps/src/k-domination/instances/liverpool.txt,2,200,58,479.79,179.75
/home1/djukanovic/lcps/src/srcAugust/lcps/src/k-domination/instances/southampton.txt,2,50,51,44.53,17.67
/home1/djukanovic/lcps/src/srcAugust/lcps/src/k-domination/instances/southampton.txt,2,50,50,47.34,18.51
/home1/djukanovic/lcps/src/srcAugust/lcps/src/k-domination/instances/liverpool.txt,2,200,58,496.66,173.06
/home1/djukanovic/lcps/src/srcAugust/lcps/src/k-domination/instances/belfast.txt,2,200,76,996.21,396.9
/home1/djukanovic/lcps/src/srcAugust/lcps/src/k-domination/instances/plymouth.txt,2,100,62,161.9,83.01
/home1/djukanovic/lcps/src/srcAugust/lcps/src/k-domination/instances/leeds.txt,2,150,79,667.47,259.76
/home1/djukanovic/lcps/src/srcAugust/lcps/src/k-domination/instances/liverpool.txt,2,200,58,470.63,187.23
/home1/djukanovic/lcps/src/srcAugust/lcps/src/k-domination/instances/plymouth.txt,2,100,62,172.43,72.93
/home1/djukanovic/lcps/src/srcAugust/lcps/src/k-domination/instances/southampton.txt,2,100,51,60.75,34.97
/home1/djukanovic/lcps/src/srcAugust/lcps/src/k-domination/instances/plymouth.txt,2,100,63,194.63,75.84
/home1/djukanovic/lcps/src/srcAugust/lcps/src/k-domination/instances/newcastle.txt,2,200,85,326.05,167.12
/home1/djukanovic/lcps/src/srcAugust/lcps/src/k-domination/instances/southampton.txt,2,100,51,67.91,35.03
/home1/djukanovic/lcps/src/srcAugust/lcps/src/k-domination/instances/southampton.txt,2,100,52,70.05,35.48
/home1/djukanovic/lcps/src/srcAugust/lcps/src/k-domination/instances/plymouth.txt,2,100,62,191.88,86.07
/home1/djukanovic/lcps/src/srcAugust/lcps/src/k-domination/instances/southampton.txt,2,100,51,72.06,36.89
/home1/djukanovic/lcps/src/srcAugust/lcps/src/k-domination/instances/plymouth.txt,2,100,62,193.07,86.96
/home1/djukanovic/lcps/src/srcAugust/lcps/src/k-domination/instances/southampton.txt,2,100,51,80.32,35.92
/home1/djukanovic/lcps/src/srcAugust/lcps/src/k-domination/instances/newcastle.txt,2,200,85,369.38,153.1
/home1/djukanovic/lcps/src/srcAugust/lcps/src/k-domination/instances/newcastle.txt,2,200,86,364.56,158.88
/home1/djukanovic/lcps/src/srcAugust/lcps/src/k-domination/instances/nottingham.txt,2,100,88,334.0,180.6
/home1/djukanovic/lcps/src/srcAugust/lcps/src/k-domination/instances/southampton.txt,2,150,51,93.78,53.16
/home1/djukanovic/lcps/src/srcAugust/lcps/src/k-domination/instances/newcastle.txt,2,200,83,388.19,152.52
/home1/djukanovic/lcps/src/srcAugust/lcps/src/k-domination/instances/nottingham.txt,2,100,88,359.13,175.17
/home1/djukanovic/lcps/src/srcAugust/lcps/src/k-domination/instances/southampton.txt,2,150,51,116.64,54.79
/home1/djukanovic/lcps/src/srcAugust/lcps/src/k-domination/instances/southampton.txt,2,150,51,119.19,57.64
/home1/djukanovic/lcps/src/srcAugust/lcps/src/k-domination/instances/nottingham.txt,2,100,88,382.09,173.81
/home1/djukanovic/lcps/src/srcAugust/lcps/src/k-domination/instances/plymouth.txt,2,150,63,228.08,121.08
/home1/djukanovic/lcps/src/srcAugust/lcps/src/k-domination/instances/southampton.txt,2,150,51,105.94,53.29
/home1/djukanovic/lcps/src/srcAugust/lcps/src/k-domination/instances/sheffield.txt,2,50,87,216.43,83.95
/home1/djukanovic/lcps/src/srcAugust/lcps/src/k-domination/instances/sheffield.txt,2,50,87,182.34,80.4
/home1/djukanovic/lcps/src/srcAugust/lcps/src/k-domination/instances/leicester.txt,2,200,76,659.6,274.86
/home1/djukanovic/lcps/src/srcAugust/lcps/src/k-domination/instances/sheffield.txt,2,50,85,240.54,84.26
/home1/djukanovic/lcps/src/srcAugust/lcps/src/k-domination/instances/newcastle.txt,2,200,84,425.98,166.34
/home1/djukanovic/lcps/src/srcAugust/lcps/src/k-domination/instances/sheffield.txt,2,50,87,211.02,82.29
/home1/djukanovic/lcps/src/srcAugust/lcps/src/k-domination/instances/nottingham.txt,2,100,88,403.91,171.09
/home1/djukanovic/lcps/src/srcAugust/lcps/src/k-domination/instances/southampton.txt,2,150,51,111.86,54.55
/home1/djukanovic/lcps/src/srcAugust/lcps/src/k-domination/instances/nottingham.txt,2,100,87,413.58,174.48
/home1/djukanovic/lcps/src/srcAugust/lcps/src/k-domination/instances/sheffield.txt,2,50,86,225.89,85.01
/home1/djukanovic/lcps/src/srcAugust/lcps/src/k-domination/instances/sunderland.txt,2,50,74,118.72,52.88
/home1/djukanovic/lcps/src/srcAugust/lcps/src/k-domination/instances/plymouth.txt,2,150,62,275.03,118.42
/home1/djukanovic/lcps/src/srcAugust/lcps/src/k-domination/instances/leicester.txt,2,200,77,692.39,272.29
/home1/djukanovic/lcps/src/srcAugust/lcps/src/k-domination/instances/manchester.txt,2,100,80,553.66,231.88
/home1/djukanovic/lcps/src/srcAugust/lcps/src/k-domination/instances/manchester.txt,2,100,78,572.01,224.92
/home1/djukanovic/lcps/src/srcAugust/lcps/src/k-domination/instances/manchester.txt,2,100,79,577.53,228.2
/home1/djukanovic/lcps/src/srcAugust/lcps/src/k-domination/instances/leicester.txt,2,200,75,697.83,280.22
/home1/djukanovic/lcps/src/srcAugust/lcps/src/k-domination/instances/sunderland.txt,2,50,74,141.26,56.24
/home1/djukanovic/lcps/src/srcAugust/lcps/src/k-domination/instances/york.txt,2,50,68,62.96,29.5
/home1/djukanovic/lcps/src/srcAugust/lcps/src/k-domination/instances/southampton.txt,2,200,51,137.8,69.92
/home1/djukanovic/lcps/src/srcAugust/lcps/src/k-domination/instances/sunderland.txt,2,50,74,135.11,53.62
/home1/djukanovic/lcps/src/srcAugust/lcps/src/k-domination/instances/manchester.txt,2,100,81,599.13,225.56
/home1/djukanovic/lcps/src/srcAugust/lcps/src/k-domination/instances/southampton.txt,2,200,51,155.49,71.61
/home1/djukanovic/lcps/src/srcAugust/lcps/src/k-domination/instances/sunderland.txt,2,50,74,150.88,56.78
/home1/djukanovic/lcps/src/srcAugust/lcps/src/k-domination/instances/york.txt,2,50,70,61.87,27.36
/home1/djukanovic/lcps/src/srcAugust/lcps/src/k-domination/instances/southampton.txt,2,200,51,149.7,69.65
/home1/djukanovic/lcps/src/srcAugust/lcps/src/k-domination/instances/plymouth.txt,2,150,62,301.02,121.3
/home1/djukanovic/lcps/src/srcAugust/lcps/src/k-domination/instances/sunderland.txt,2,50,74,142.97,54.22
/home1/djukanovic/lcps/src/srcAugust/lcps/src/k-domination/instances/southampton.txt,2,200,51,160.65,70.54
/home1/djukanovic/lcps/src/srcAugust/lcps/src/k-domination/instances/plymouth.txt,2,150,61,316.24,126.7
/home1/djukanovic/lcps/src/srcAugust/lcps/src/k-domination/instances/york.txt,2,50,68,77.8,28.38
/home1/djukanovic/lcps/src/srcAugust/lcps/src/k-domination/instances/leicester.txt,2,200,75,751.52,274.43
/home1/djukanovic/lcps/src/srcAugust/lcps/src/k-domination/instances/plymouth.txt,2,150,61,319.01,117.46
/home1/djukanovic/lcps/src/srcAugust/lcps/src/k-domination/instances/york.txt,2,50,69,71.63,29.03
/home1/djukanovic/lcps/src/srcAugust/lcps/src/k-domination/instances/southampton.txt,2,200,51,168.79,72.58
/home1/djukanovic/lcps/src/srcAugust/lcps/src/k-domination/instances/leeds.txt,2,200,80,835.37,333.93
/home1/djukanovic/lcps/src/srcAugust/lcps/src/k-domination/instances/leeds.txt,2,200,81,832.51,356.29
/home1/djukanovic/lcps/src/srcAugust/lcps/src/k-domination/instances/leicester.txt,2,200,75,786.96,292.54
/home1/djukanovic/lcps/src/srcAugust/lcps/src/k-domination/instances/york.txt,2,100,68,104.96,54.91
/home1/djukanovic/lcps/src/srcAugust/lcps/src/k-domination/instances/york.txt,2,100,68,104.35,55.6
/home1/djukanovic/lcps/src/srcAugust/lcps/src/k-domination/instances/york.txt,2,100,68,104.51,55.89
/home1/djukanovic/lcps/src/srcAugust/lcps/src/k-domination/instances/york.txt,2,100,68,113.62,53.11
/home1/djukanovic/lcps/src/srcAugust/lcps/src/k-domination/instances/york.txt,2,100,68,116.88,54.86
/home1/djukanovic/lcps/src/srcAugust/lcps/src/k-domination/instances/leeds.txt,2,200,80,846.98,356.81
/home1/djukanovic/lcps/src/srcAugust/lcps/src/k-domination/instances/plymouth.txt,2,200,63,363.07,157.99
/home1/djukanovic/lcps/src/srcAugust/lcps/src/k-domination/instances/plymouth.txt,2,200,63,355.63,167.79
/home1/djukanovic/lcps/src/srcAugust/lcps/src/k-domination/instances/manchester.txt,2,100,78,713.11,220.61
/home1/djukanovic/lcps/src/srcAugust/lcps/src/k-domination/instances/plymouth.txt,2,200,62,374.9,160.11
/home1/djukanovic/lcps/src/srcAugust/lcps/src/k-domination/instances/leeds.txt,2,200,81,877.28,348.81
/home1/djukanovic/lcps/src/srcAugust/lcps/src/k-domination/instances/sunderland.txt,2,100,75,207.51,109.25
/home1/djukanovic/lcps/src/srcAugust/lcps/src/k-domination/instances/leeds.txt,2,200,80,869.21,374.36
/home1/djukanovic/lcps/src/srcAugust/lcps/src/k-domination/instances/sheffield.txt,2,100,86,309.82,167.11
/home1/djukanovic/lcps/src/srcAugust/lcps/src/k-domination/instances/sunderland.txt,2,100,74,222.95,109.16
/home1/djukanovic/lcps/src/srcAugust/lcps/src/k-domination/instances/nottingham.txt,2,150,87,497.98,267.73
/home1/djukanovic/lcps/src/srcAugust/lcps/src/k-domination/instances/plymouth.txt,2,200,62,399.15,161.5
/home1/djukanovic/lcps/src/srcAugust/lcps/src/k-domination/instances/sheffield.txt,2,100,86,325.05,166.89
/home1/djukanovic/lcps/src/srcAugust/lcps/src/k-domination/instances/sunderland.txt,2,100,74,228.54,107.55
/home1/djukanovic/lcps/src/srcAugust/lcps/src/k-domination/instances/sheffield.txt,2,100,86,321.98,168.24
/home1/djukanovic/lcps/src/srcAugust/lcps/src/k-domination/instances/sunderland.txt,2,100,74,234.56,101.07
/home1/djukanovic/lcps/src/srcAugust/lcps/src/k-domination/instances/sunderland.txt,2,100,74,229.59,108.51
/home1/djukanovic/lcps/src/srcAugust/lcps/src/k-domination/instances/york.txt,2,150,68,147.57,84.08
/home1/djukanovic/lcps/src/srcAugust/lcps/src/k-domination/instances/york.txt,2,150,69,154.05,80.13
/home1/djukanovic/lcps/src/srcAugust/lcps/src/k-domination/instances/york.txt,2,150,68,159.02,84.62
/home1/djukanovic/lcps/src/srcAugust/lcps/src/k-domination/instances/york.txt,2,150,68,166.47,87.07
/home1/djukanovic/lcps/src/srcAugust/lcps/src/k-domination/instances/plymouth.txt,2,200,62,444.36,159.66
/home1/djukanovic/lcps/src/srcAugust/lcps/src/k-domination/instances/sheffield.txt,2,100,86,347.05,173.92
/home1/djukanovic/lcps/src/srcAugust/lcps/src/k-domination/instances/sheffield.txt,2,100,86,345.27,172.01
/home1/djukanovic/lcps/src/srcAugust/lcps/src/k-domination/instances/york.txt,2,150,68,178.41,87.04
/home1/djukanovic/lcps/src/srcAugust/lcps/src/k-domination/instances/nottingham.txt,2,150,87,571.65,269.61
/home1/djukanovic/lcps/src/srcAugust/lcps/src/k-domination/instances/nottingham.txt,2,150,87,597.32,269.77
/home1/djukanovic/lcps/src/srcAugust/lcps/src/k-domination/instances/manchester.txt,2,150,83,741.54,332.54
/home1/djukanovic/lcps/src/srcAugust/lcps/src/k-domination/instances/nottingham.txt,2,150,87,623.74,280.89
/home1/djukanovic/lcps/src/srcAugust/lcps/src/k-domination/instances/nottingham.txt,2,150,87,667.8,251.95
/home1/djukanovic/lcps/src/srcAugust/lcps/src/k-domination/instances/york.txt,2,200,68,208.82,112.0
/home1/djukanovic/lcps/src/srcAugust/lcps/src/k-domination/instances/york.txt,2,200,68,225.86,111.64
/home1/djukanovic/lcps/src/srcAugust/lcps/src/k-domination/instances/york.txt,2,200,68,241.87,113.42
/home1/djukanovic/lcps/src/srcAugust/lcps/src/k-domination/instances/york.txt,2,200,68,233.83,114.39
/home1/djukanovic/lcps/src/srcAugust/lcps/src/k-domination/instances/manchester.txt,2,150,79,809.2,335.1
/home1/djukanovic/lcps/src/srcAugust/lcps/src/k-domination/instances/york.txt,2,200,68,248.73,113.81
/home1/djukanovic/lcps/src/srcAugust/lcps/src/k-domination/instances/sunderland.txt,2,150,74,345.78,168.11
/home1/djukanovic/lcps/src/srcAugust/lcps/src/k-domination/instances/sunderland.txt,2,150,74,356.13,161.23
/home1/djukanovic/lcps/src/srcAugust/lcps/src/k-domination/instances/manchester.txt,2,150,79,838.81,334.32
/home1/djukanovic/lcps/src/srcAugust/lcps/src/k-domination/instances/sunderland.txt,2,150,74,372.0,156.88
/home1/djukanovic/lcps/src/srcAugust/lcps/src/k-domination/instances/sunderland.txt,2,150,73,370.04,163.72
/home1/djukanovic/lcps/src/srcAugust/lcps/src/k-domination/instances/sunderland.txt,2,150,74,386.6,162.66
/home1/djukanovic/lcps/src/srcAugust/lcps/src/k-domination/instances/sheffield.txt,2,150,85,451.84,250.7
/home1/djukanovic/lcps/src/srcAugust/lcps/src/k-domination/instances/sheffield.txt,2,150,86,494.62,257.8
/home1/djukanovic/lcps/src/srcAugust/lcps/src/k-domination/instances/sheffield.txt,2,150,86,519.26,253.7
/home1/djukanovic/lcps/src/srcAugust/lcps/src/k-domination/instances/manchester.txt,2,150,79,926.71,347.83
/home1/djukanovic/lcps/src/srcAugust/lcps/src/k-domination/instances/sheffield.txt,2,150,86,525.97,261.79
/home1/djukanovic/lcps/src/srcAugust/lcps/src/k-domination/instances/sunderland.txt,2,200,74,429.41,213.01
/home1/djukanovic/lcps/src/srcAugust/lcps/src/k-domination/instances/manchester.txt,2,150,79,970.34,335.05
/home1/djukanovic/lcps/src/srcAugust/lcps/src/k-domination/instances/sunderland.txt,2,200,74,428.8,206.25
/home1/djukanovic/lcps/src/srcAugust/lcps/src/k-domination/instances/sheffield.txt,2,150,86,579.67,243.51
/home1/djukanovic/lcps/src/srcAugust/lcps/src/k-domination/instances/sunderland.txt,2,200,74,456.33,210.77
/home1/djukanovic/lcps/src/srcAugust/lcps/src/k-domination/instances/sunderland.txt,2,200,74,428.67,218.36
/home1/djukanovic/lcps/src/srcAugust/lcps/src/k-domination/instances/nottingham.txt,2,200,87,787.0,353.38
/home1/djukanovic/lcps/src/srcAugust/lcps/src/k-domination/instances/sunderland.txt,2,200,74,463.81,220.39
/home1/djukanovic/lcps/src/srcAugust/lcps/src/k-domination/instances/nottingham.txt,2,200,86,860.7,339.14
/home1/djukanovic/lcps/src/srcAugust/lcps/src/k-domination/instances/nottingham.txt,2,200,87,871.47,347.6
/home1/djukanovic/lcps/src/srcAugust/lcps/src/k-domination/instances/nottingham.txt,2,200,85,858.96,349.72
/home1/djukanovic/lcps/src/srcAugust/lcps/src/k-domination/instances/nottingham.txt,2,200,87,854.12,369.8
/home1/djukanovic/lcps/src/srcAugust/lcps/src/k-domination/instances/sheffield.txt,2,200,86,675.34,336.43
/home1/djukanovic/lcps/src/srcAugust/lcps/src/k-domination/instances/sheffield.txt,2,200,86,680.47,339.44
/home1/djukanovic/lcps/src/srcAugust/lcps/src/k-domination/instances/sheffield.txt,2,200,85,727.37,348.06
/home1/djukanovic/lcps/src/srcAugust/lcps/src/k-domination/instances/sheffield.txt,2,200,86,742.24,351.32
/home1/djukanovic/lcps/src/srcAugust/lcps/src/k-domination/instances/manchester.txt,2,200,79,1219.41,417.54
/home1/djukanovic/lcps/src/srcAugust/lcps/src/k-domination/instances/sheffield.txt,2,200,86,809.11,340.39
/home1/djukanovic/lcps/src/srcAugust/lcps/src/k-domination/instances/manchester.txt,2,200,78,1293.57,446.76
/home1/djukanovic/lcps/src/srcAugust/lcps/src/k-domination/instances/manchester.txt,2,200,77,1372.68,452.38
/home1/djukanovic/lcps/src/srcAugust/lcps/src/k-domination/instances/manchester.txt,2,200,79,1377.58,466.8
/home1/djukanovic/lcps/src/srcAugust/lcps/src/k-domination/instances/manchester.txt,2,200,78,1448.04,474.73
